{
    "origin": {
        "execs/s": [
            114265.09674929333,
            114492.8317403628,
            112384.29886875147
        ],
        "time": [
            71.15638841629028,
            63.68087825059891,
            120.77059782743454
        ]
    },
    "instr": {
        "execs/s": [
            6952.272851904352,
            6922.460751097119,
            7064.948678883526
        ],
        "time": [
            9.151712756156922,
            8.8699516248703,
            10.145521910190583
        ]
    }
}